[
  {
    "model": "contenttypes.contenttype",
    "pk": 1,
    "fields": {
      "app_label": "admin",
      "model": "logentry"
    }
  },
  {
    "model": "contenttypes.contenttype",
    "pk": 2,
    "fields": {
      "app_label": "auth",
      "model": "permission"
    }
  },
  {
    "model": "contenttypes.contenttype",
    "pk": 3,
    "fields": {
      "app_label": "auth",
      "model": "group"
    }
  },
  {
    "model": "contenttypes.contenttype",
    "pk": 4,
    "fields": {
      "app_label": "contenttypes",
      "model": "contenttype"
    }
  },
  {
    "model": "contenttypes.contenttype",
    "pk": 5,
    "fields": {
      "app_label": "sessions",
      "model": "session"
    }
  },
  {
    "model": "contenttypes.contenttype",
    "pk": 6,
    "fields": {
      "app_label": "accounts",
      "model": "customuser"
    }
  },
  {
    "model": "contenttypes.contenttype",
    "pk": 7,
    "fields": {
      "app_label": "accounts",
      "model": "skill"
    }
  },
  {
    "model": "contenttypes.contenttype",
    "pk": 8,
    "fields": {
      "app_label": "accounts",
      "model": "profile"
    }
  },
  {
    "model": "contenttypes.contenttype",
    "pk": 9,
    "fields": {
      "app_label": "projects",
      "model": "application"
    }
  },
  {
    "model": "contenttypes.contenttype",
    "pk": 10,
    "fields": {
      "app_label": "projects",
      "model": "project"
    }
  },
  {
    "model": "contenttypes.contenttype",
    "pk": 11,
    "fields": {
      "app_label": "projects",
      "model": "position"
    }
  },
  {
    "model": "contenttypes.contenttype",
    "pk": 12,
    "fields": {
      "app_label": "imageutils",
      "model": "photo"
    }
  },
  {
    "model": "sessions.session",
    "pk": "o5086p6hvc30u328cbqa4pq8gohg507a",
    "fields": {
      "session_data": "NDVjZjZlYjk0NjEyNTg5YWMwM2MwNzAwMDMwZWFlZDE1ZTIzMzE5Zjp7Il9hdXRoX3VzZXJfaWQiOiIyIiwiX2F1dGhfdXNlcl9iYWNrZW5kIjoiZGphbmdvLmNvbnRyaWIuYXV0aC5iYWNrZW5kcy5Nb2RlbEJhY2tlbmQiLCJfYXV0aF91c2VyX2hhc2giOiI3ODlhN2I1MjZkYmYxY2JjNTdiOWUwMzBmMzlkZTZlN2M3Y2U0NGVhIn0=",
      "expire_date": "2020-07-08T05:49:04.175Z"
    }
  },
  {
    "model": "accounts.skill",
    "pk": 1,
    "fields": {
      "name": "JavaScript"
    }
  },
  {
    "model": "accounts.skill",
    "pk": 3,
    "fields": {
      "name": "Duping Customers"
    }
  },
  {
    "model": "accounts.skill",
    "pk": 4,
    "fields": {
      "name": "Testing"
    }
  },
  {
    "model": "accounts.skill",
    "pk": 5,
    "fields": {
      "name": "Intimidation"
    }
  },
  {
    "model": "accounts.skill",
    "pk": 6,
    "fields": {
      "name": "Graphic Design"
    }
  },
  {
    "model": "accounts.skill",
    "pk": 7,
    "fields": {
      "name": "Duping Employees"
    }
  },
  {
    "model": "accounts.skill",
    "pk": 8,
    "fields": {
      "name": "Scam Design"
    }
  },
  {
    "model": "auth.permission",
    "pk": 1,
    "fields": {
      "name": "Can add log entry",
      "content_type": 1,
      "codename": "add_logentry"
    }
  },
  {
    "model": "auth.permission",
    "pk": 2,
    "fields": {
      "name": "Can change log entry",
      "content_type": 1,
      "codename": "change_logentry"
    }
  },
  {
    "model": "auth.permission",
    "pk": 3,
    "fields": {
      "name": "Can delete log entry",
      "content_type": 1,
      "codename": "delete_logentry"
    }
  },
  {
    "model": "auth.permission",
    "pk": 4,
    "fields": {
      "name": "Can view log entry",
      "content_type": 1,
      "codename": "view_logentry"
    }
  },
  {
    "model": "auth.permission",
    "pk": 5,
    "fields": {
      "name": "Can add permission",
      "content_type": 2,
      "codename": "add_permission"
    }
  },
  {
    "model": "auth.permission",
    "pk": 6,
    "fields": {
      "name": "Can change permission",
      "content_type": 2,
      "codename": "change_permission"
    }
  },
  {
    "model": "auth.permission",
    "pk": 7,
    "fields": {
      "name": "Can delete permission",
      "content_type": 2,
      "codename": "delete_permission"
    }
  },
  {
    "model": "auth.permission",
    "pk": 8,
    "fields": {
      "name": "Can view permission",
      "content_type": 2,
      "codename": "view_permission"
    }
  },
  {
    "model": "auth.permission",
    "pk": 9,
    "fields": {
      "name": "Can add group",
      "content_type": 3,
      "codename": "add_group"
    }
  },
  {
    "model": "auth.permission",
    "pk": 10,
    "fields": {
      "name": "Can change group",
      "content_type": 3,
      "codename": "change_group"
    }
  },
  {
    "model": "auth.permission",
    "pk": 11,
    "fields": {
      "name": "Can delete group",
      "content_type": 3,
      "codename": "delete_group"
    }
  },
  {
    "model": "auth.permission",
    "pk": 12,
    "fields": {
      "name": "Can view group",
      "content_type": 3,
      "codename": "view_group"
    }
  },
  {
    "model": "auth.permission",
    "pk": 13,
    "fields": {
      "name": "Can add content type",
      "content_type": 4,
      "codename": "add_contenttype"
    }
  },
  {
    "model": "auth.permission",
    "pk": 14,
    "fields": {
      "name": "Can change content type",
      "content_type": 4,
      "codename": "change_contenttype"
    }
  },
  {
    "model": "auth.permission",
    "pk": 15,
    "fields": {
      "name": "Can delete content type",
      "content_type": 4,
      "codename": "delete_contenttype"
    }
  },
  {
    "model": "auth.permission",
    "pk": 16,
    "fields": {
      "name": "Can view content type",
      "content_type": 4,
      "codename": "view_contenttype"
    }
  },
  {
    "model": "auth.permission",
    "pk": 17,
    "fields": {
      "name": "Can add session",
      "content_type": 5,
      "codename": "add_session"
    }
  },
  {
    "model": "auth.permission",
    "pk": 18,
    "fields": {
      "name": "Can change session",
      "content_type": 5,
      "codename": "change_session"
    }
  },
  {
    "model": "auth.permission",
    "pk": 19,
    "fields": {
      "name": "Can delete session",
      "content_type": 5,
      "codename": "delete_session"
    }
  },
  {
    "model": "auth.permission",
    "pk": 20,
    "fields": {
      "name": "Can view session",
      "content_type": 5,
      "codename": "view_session"
    }
  },
  {
    "model": "auth.permission",
    "pk": 21,
    "fields": {
      "name": "Can add user",
      "content_type": 6,
      "codename": "add_customuser"
    }
  },
  {
    "model": "auth.permission",
    "pk": 22,
    "fields": {
      "name": "Can change user",
      "content_type": 6,
      "codename": "change_customuser"
    }
  },
  {
    "model": "auth.permission",
    "pk": 23,
    "fields": {
      "name": "Can delete user",
      "content_type": 6,
      "codename": "delete_customuser"
    }
  },
  {
    "model": "auth.permission",
    "pk": 24,
    "fields": {
      "name": "Can view user",
      "content_type": 6,
      "codename": "view_customuser"
    }
  },
  {
    "model": "auth.permission",
    "pk": 25,
    "fields": {
      "name": "Can add skill",
      "content_type": 7,
      "codename": "add_skill"
    }
  },
  {
    "model": "auth.permission",
    "pk": 26,
    "fields": {
      "name": "Can change skill",
      "content_type": 7,
      "codename": "change_skill"
    }
  },
  {
    "model": "auth.permission",
    "pk": 27,
    "fields": {
      "name": "Can delete skill",
      "content_type": 7,
      "codename": "delete_skill"
    }
  },
  {
    "model": "auth.permission",
    "pk": 28,
    "fields": {
      "name": "Can view skill",
      "content_type": 7,
      "codename": "view_skill"
    }
  },
  {
    "model": "auth.permission",
    "pk": 29,
    "fields": {
      "name": "Can add profile",
      "content_type": 8,
      "codename": "add_profile"
    }
  },
  {
    "model": "auth.permission",
    "pk": 30,
    "fields": {
      "name": "Can change profile",
      "content_type": 8,
      "codename": "change_profile"
    }
  },
  {
    "model": "auth.permission",
    "pk": 31,
    "fields": {
      "name": "Can delete profile",
      "content_type": 8,
      "codename": "delete_profile"
    }
  },
  {
    "model": "auth.permission",
    "pk": 32,
    "fields": {
      "name": "Can view profile",
      "content_type": 8,
      "codename": "view_profile"
    }
  },
  {
    "model": "auth.permission",
    "pk": 33,
    "fields": {
      "name": "Can add application",
      "content_type": 9,
      "codename": "add_application"
    }
  },
  {
    "model": "auth.permission",
    "pk": 34,
    "fields": {
      "name": "Can change application",
      "content_type": 9,
      "codename": "change_application"
    }
  },
  {
    "model": "auth.permission",
    "pk": 35,
    "fields": {
      "name": "Can delete application",
      "content_type": 9,
      "codename": "delete_application"
    }
  },
  {
    "model": "auth.permission",
    "pk": 36,
    "fields": {
      "name": "Can view application",
      "content_type": 9,
      "codename": "view_application"
    }
  },
  {
    "model": "auth.permission",
    "pk": 37,
    "fields": {
      "name": "Can add project",
      "content_type": 10,
      "codename": "add_project"
    }
  },
  {
    "model": "auth.permission",
    "pk": 38,
    "fields": {
      "name": "Can change project",
      "content_type": 10,
      "codename": "change_project"
    }
  },
  {
    "model": "auth.permission",
    "pk": 39,
    "fields": {
      "name": "Can delete project",
      "content_type": 10,
      "codename": "delete_project"
    }
  },
  {
    "model": "auth.permission",
    "pk": 40,
    "fields": {
      "name": "Can view project",
      "content_type": 10,
      "codename": "view_project"
    }
  },
  {
    "model": "auth.permission",
    "pk": 41,
    "fields": {
      "name": "Can add position",
      "content_type": 11,
      "codename": "add_position"
    }
  },
  {
    "model": "auth.permission",
    "pk": 42,
    "fields": {
      "name": "Can change position",
      "content_type": 11,
      "codename": "change_position"
    }
  },
  {
    "model": "auth.permission",
    "pk": 43,
    "fields": {
      "name": "Can delete position",
      "content_type": 11,
      "codename": "delete_position"
    }
  },
  {
    "model": "auth.permission",
    "pk": 44,
    "fields": {
      "name": "Can view position",
      "content_type": 11,
      "codename": "view_position"
    }
  },
  {
    "model": "auth.permission",
    "pk": 45,
    "fields": {
      "name": "Can add photo",
      "content_type": 12,
      "codename": "add_photo"
    }
  },
  {
    "model": "auth.permission",
    "pk": 46,
    "fields": {
      "name": "Can change photo",
      "content_type": 12,
      "codename": "change_photo"
    }
  },
  {
    "model": "auth.permission",
    "pk": 47,
    "fields": {
      "name": "Can delete photo",
      "content_type": 12,
      "codename": "delete_photo"
    }
  },
  {
    "model": "auth.permission",
    "pk": 48,
    "fields": {
      "name": "Can view photo",
      "content_type": 12,
      "codename": "view_photo"
    }
  },
  {
    "model": "accounts.customuser",
    "pk": 1,
    "fields": {
      "password": "pbkdf2_sha256$180000$2GPkiUARVScP$7fCNaribPkqotUBFVtWmMiOn++ffk0iAZP1opzfAWrc=",
      "last_login": "2020-06-24T05:38:31.713Z",
      "is_superuser": true,
      "first_name": "",
      "last_name": "",
      "is_staff": true,
      "is_active": true,
      "date_joined": "2020-06-23T08:37:52.600Z",
      "full_name": "Admin Istrator",
      "email": "admin@example.com",
      "groups": [],
      "user_permissions": []
    }
  },
  {
    "model": "accounts.customuser",
    "pk": 2,
    "fields": {
      "password": "pbkdf2_sha256$180000$SBu9LFswBHFT$rXCdl8f2QPPnKFHio+LCLWoFkB/j435RXYgcI2VIZlU=",
      "last_login": "2020-06-24T05:49:04.116Z",
      "is_superuser": true,
      "first_name": "",
      "last_name": "",
      "is_staff": true,
      "is_active": true,
      "date_joined": "2020-06-23T08:37:53.234Z",
      "full_name": "Zorbert Kraft",
      "email": "zorbert@example.com",
      "groups": [],
      "user_permissions": []
    }
  },
  {
    "model": "accounts.customuser",
    "pk": 3,
    "fields": {
      "password": "pbkdf2_sha256$180000$w2d3GEs0Y69s$4YR+/mPTON26gVyEE5IiYVkaN8veFbwnSrpWUCuVZfA=",
      "last_login": "2020-06-24T05:46:48.521Z",
      "is_superuser": false,
      "first_name": "",
      "last_name": "",
      "is_staff": false,
      "is_active": true,
      "date_joined": "2020-06-23T08:37:53.373Z",
      "full_name": "Laya Khan",
      "email": "laya@example.com",
      "groups": [],
      "user_permissions": []
    }
  },
  {
    "model": "accounts.customuser",
    "pk": 4,
    "fields": {
      "password": "pbkdf2_sha256$180000$7yXPEvsFEDTD$eLEM67fJ+DEVCkWYUVwi/1IeQICj7llhHRUyvGISgp8=",
      "last_login": null,
      "is_superuser": false,
      "first_name": "",
      "last_name": "",
      "is_staff": false,
      "is_active": true,
      "date_joined": "2020-06-23T08:37:53.498Z",
      "full_name": "Kyle Murphy",
      "email": "kyle@example.com",
      "groups": [],
      "user_permissions": []
    }
  },
  {
    "model": "accounts.customuser",
    "pk": 5,
    "fields": {
      "password": "pbkdf2_sha256$180000$CLd3yYsXAcKW$coe/sqmeX8yM2k7sF38Hbef7ZnonjVZodJU6UOnyfM8=",
      "last_login": null,
      "is_superuser": false,
      "first_name": "",
      "last_name": "",
      "is_staff": false,
      "is_active": true,
      "date_joined": "2020-06-23T08:37:53.624Z",
      "full_name": "George Costanza",
      "email": "george@example.com",
      "groups": [],
      "user_permissions": []
    }
  },
  {
    "model": "accounts.customuser",
    "pk": 6,
    "fields": {
      "password": "pbkdf2_sha256$180000$dl2zOYlQibEa$CmorZ+G3RHJl6OOpT38RcIOn3aqsu4UwRR1FUeLkFhM=",
      "last_login": null,
      "is_superuser": false,
      "first_name": "",
      "last_name": "",
      "is_staff": false,
      "is_active": true,
      "date_joined": "2020-06-23T08:37:53.753Z",
      "full_name": "Jerry Seinfeld",
      "email": "jerry@example.com",
      "groups": [],
      "user_permissions": []
    }
  },
  {
    "model": "accounts.customuser",
    "pk": 7,
    "fields": {
      "password": "pbkdf2_sha256$180000$8G7UaXDqLVrk$kmXKZKR+GCJCF3sRCrbNSSWTKBtnecBKzrlUlXlhkXM=",
      "last_login": null,
      "is_superuser": false,
      "first_name": "",
      "last_name": "",
      "is_staff": false,
      "is_active": true,
      "date_joined": "2020-06-23T08:37:53.883Z",
      "full_name": "Cosmo Kramer",
      "email": "cosmo@example.com",
      "groups": [],
      "user_permissions": []
    }
  },
  {
    "model": "accounts.customuser",
    "pk": 8,
    "fields": {
      "password": "pbkdf2_sha256$180000$KY6c1wXPYsq8$dHEpHcHrBQi3HQzLR8SeaIWUfxTplhs7FRZcd/eQCBo=",
      "last_login": null,
      "is_superuser": false,
      "first_name": "",
      "last_name": "",
      "is_staff": false,
      "is_active": true,
      "date_joined": "2020-06-23T08:37:54.010Z",
      "full_name": "Elaine Benes",
      "email": "elaine@example.com",
      "groups": [],
      "user_permissions": []
    }
  },
  {
    "model": "accounts.profile",
    "pk": 1,
    "fields": {
      "display_name": "Admin Istrator",
      "about": "Lorem ipsum dolor sit amet, consectetur adipiscing elit, sed do eiusmod tempor incididunt ut labore et dolore magna aliqua. Augue interdum velit euismod in pellentesque. Nisl pretium fusce id velit ut tortor pretium. Bibendum at varius vel pharetra. Interdum velit euismod in pellentesque massa placerat duis. Diam vel quam elementum pulvinar. A iaculis at erat pellentesque. Adipiscing diam donec adipiscing tristique risus nec feugiat in. Consequat id porta nibh venenatis. Tortor dignissim convallis aenean et tortor at risus viverra. Posuere urna nec tincidunt praesent semper feugiat.",
      "avatar": "",
      "using_markdown": false,
      "email_confirmed": false,
      "skills": [
        7,
        4
      ]
    }
  },
  {
    "model": "accounts.profile",
    "pk": 2,
    "fields": {
      "display_name": "Zorbert Kraft",
      "about": "## Lorem\r\n\r\nLorem ipsum dolor sit amet, consectetur adipiscing elit, sed do eiusmod tempor incididunt ut labore et dolore magna aliqua. Quisque sagittis purus sit amet volutpat. Ut etiam sit amet nisl purus in mollis nunc. Lacinia quis vel eros donec ac odio tempor orci. Urna molestie at elementum eu facilisis. Sit amet commodo nulla facilisi nullam vehicula. Ut tortor pretium viverra suspendisse potenti nullam ac tortor vitae. Eget gravida cum sociis natoque penatibus et magnis. Magna fermentum iaculis eu non diam. Volutpat commodo sed egestas egestas fringilla phasellus faucibus scelerisque. Consequat interdum varius sit amet mattis vulputate. In arcu cursus euismod quis. Dictum non consectetur a erat nam at lectus urna. Placerat in egestas erat imperdiet sed euismod nisi porta. Nec tincidunt praesent semper feugiat nibh sed pulvinar. Nullam ac tortor vitae purus faucibus ornare. Bibendum enim facilisis gravida neque convallis. Fames ac turpis egestas maecenas pharetra convallis.\r\n\r\n### Ipsum\r\n\r\nNulla pharetra diam sit amet nisl suscipit adipiscing. Pharetra vel turpis nunc eget. Mauris cursus mattis molestie a iaculis at. Nibh tellus molestie nunc non blandit massa enim. Amet nisl suscipit adipiscing bibendum est ultricies. Ut diam quam nulla porttitor massa id neque aliquam. Id eu nisl nunc mi. Nisl rhoncus mattis rhoncus urna neque viverra justo. Elementum eu facilisis sed odio morbi quis. Tellus integer feugiat scelerisque varius morbi. In nibh mauris cursus mattis molestie. Mauris a diam maecenas sed enim ut. Vitae suscipit tellus mauris a diam maecenas sed enim. Rutrum quisque non tellus orci ac auctor. Aenean vel elit scelerisque mauris. Urna id volutpat lacus laoreet non.",
      "avatar": "images/profile1_OCcIJJs.jpg",
      "using_markdown": true,
      "email_confirmed": false,
      "skills": [
        6,
        5,
        1,
        4
      ]
    }
  },
  {
    "model": "accounts.profile",
    "pk": 3,
    "fields": {
      "display_name": "Laya Khan",
      "about": "### Lorem\r\n\r\nLorem ipsum dolor sit amet, consectetur adipiscing elit, sed do eiusmod tempor incididunt ut labore et dolore magna aliqua. Diam maecenas sed enim ut sem viverra aliquet eget sit. Tortor pretium viverra suspendisse potenti nullam. Urna id volutpat lacus laoreet non curabitur gravida. Tellus rutrum tellus pellentesque eu tincidunt tortor. Sed enim ut sem viverra aliquet eget sit. Mauris nunc congue nisi vitae. Lectus vestibulum mattis ullamcorper velit sed ullamcorper morbi tincidunt. Interdum varius sit amet mattis. A cras semper auctor neque. Euismod quis viverra nibh cras. Nec feugiat in fermentum posuere urna nec tincidunt. Diam quam nulla porttitor massa id neque aliquam. Velit egestas dui id ornare arcu odio ut.\r\n\r\n## Ipsum\r\n\r\nVel pretium lectus quam id. Ultricies lacus sed turpis tincidunt id aliquet risus feugiat in. Lacus sed turpis tincidunt id aliquet risus feugiat. Sed id semper risus in. Pretium aenean pharetra magna ac placerat. Leo integer malesuada nunc vel. Sed risus pretium quam vulputate dignissim. Vulputate ut pharetra sit amet aliquam id diam maecenas. Nunc non blandit massa enim nec dui nunc. Dolor sit amet consectetur adipiscing elit pellentesque habitant. A diam maecenas sed enim ut sem viverra aliquet. Et odio pellentesque diam volutpat commodo sed egestas. Commodo odio aenean sed adipiscing diam donec. Feugiat pretium nibh ipsum consequat nisl vel pretium.",
      "avatar": "",
      "using_markdown": true,
      "email_confirmed": false,
      "skills": [
        7,
        5,
        1,
        4
      ]
    }
  },
  {
    "model": "accounts.profile",
    "pk": 4,
    "fields": {
      "display_name": "Kyle Murphy",
      "about": "Lorem ipsum dolor sit amet, consectetur adipiscing elit, sed do eiusmod tempor incididunt ut labore et dolore magna aliqua. Urna id volutpat lacus laoreet non curabitur gravida arcu. Massa tincidunt dui ut ornare lectus sit amet. Sagittis aliquam malesuada bibendum arcu. Hac habitasse platea dictumst vestibulum rhoncus est pellentesque elit. Tempor nec feugiat nisl pretium fusce id velit. Erat velit scelerisque in dictum non consectetur a erat nam. Vel turpis nunc eget lorem dolor sed viverra ipsum. Donec massa sapien faucibus et molestie ac. Viverra accumsan in nisl nisi scelerisque eu ultrices. Cursus vitae congue mauris rhoncus aenean vel elit scelerisque mauris. Velit scelerisque in dictum non consectetur a erat nam at. Adipiscing at in tellus integer. Et odio pellentesque diam volutpat commodo sed egestas. At erat pellentesque adipiscing commodo elit at imperdiet. Cras tincidunt lobortis feugiat vivamus at augue eget arcu dictum.\r\n\r\nMorbi non arcu risus quis. Feugiat in fermentum posuere urna nec tincidunt praesent semper feugiat. Sed blandit libero volutpat sed cras ornare arcu dui vivamus. Feugiat vivamus at augue eget. Enim tortor at auctor urna nunc id. Quis imperdiet massa tincidunt nunc. Nunc congue nisi vitae suscipit tellus mauris a diam maecenas. Morbi tristique senectus et netus et malesuada fames ac turpis. Lacus luctus accumsan tortor posuere ac. Nulla facilisi morbi tempus iaculis urna id volutpat lacus laoreet.\r\n\r\nBlandit massa enim nec dui nunc. Cursus euismod quis viverra nibh cras pulvinar. Id faucibus nisl tincidunt eget nullam non nisi est. Bibendum enim facilisis gravida neque convallis a cras semper. Aliquet nec ullamcorper sit amet. Morbi leo urna molestie at elementum. Lectus arcu bibendum at varius vel pharetra. Vitae et leo duis ut diam. At ultrices mi tempus imperdiet nulla malesuada. Volutpat blandit aliquam etiam erat velit scelerisque in.",
      "avatar": "",
      "using_markdown": false,
      "email_confirmed": false,
      "skills": [
        3,
        7,
        1,
        4
      ]
    }
  },
  {
    "model": "accounts.profile",
    "pk": 5,
    "fields": {
      "display_name": "George Costanza",
      "about": "Lorem ipsum dolor sit amet, consectetur adipiscing elit, sed do eiusmod tempor incididunt ut labore et dolore magna aliqua. Urna id volutpat lacus laoreet non curabitur gravida arcu. Massa tincidunt dui ut ornare lectus sit amet. Sagittis aliquam malesuada bibendum arcu. Hac habitasse platea dictumst vestibulum rhoncus est pellentesque elit. Tempor nec feugiat nisl pretium fusce id velit. Erat velit scelerisque in dictum non consectetur a erat nam. Vel turpis nunc eget lorem dolor sed viverra ipsum. Donec massa sapien faucibus et molestie ac. Viverra accumsan in nisl nisi scelerisque eu ultrices. Cursus vitae congue mauris rhoncus aenean vel elit scelerisque mauris. Velit scelerisque in dictum non consectetur a erat nam at. Adipiscing at in tellus integer. Et odio pellentesque diam volutpat commodo sed egestas. At erat pellentesque adipiscing commodo elit at imperdiet. Cras tincidunt lobortis feugiat vivamus at augue eget arcu dictum.\r\n\r\nMorbi non arcu risus quis. Feugiat in fermentum posuere urna nec tincidunt praesent semper feugiat. Sed blandit libero volutpat sed cras ornare arcu dui vivamus. Feugiat vivamus at augue eget. Enim tortor at auctor urna nunc id. Quis imperdiet massa tincidunt nunc. Nunc congue nisi vitae suscipit tellus mauris a diam maecenas. Morbi tristique senectus et netus et malesuada fames ac turpis. Lacus luctus accumsan tortor posuere ac. Nulla facilisi morbi tempus iaculis urna id volutpat lacus laoreet.\r\n\r\nBlandit massa enim nec dui nunc. Cursus euismod quis viverra nibh cras pulvinar. Id faucibus nisl tincidunt eget nullam non nisi est. Bibendum enim facilisis gravida neque convallis a cras semper. Aliquet nec ullamcorper sit amet. Morbi leo urna molestie at elementum. Lectus arcu bibendum at varius vel pharetra. Vitae et leo duis ut diam. At ultrices mi tempus imperdiet nulla malesuada. Volutpat blandit aliquam etiam erat velit scelerisque in.",
      "avatar": "",
      "using_markdown": false,
      "email_confirmed": false,
      "skills": [
        7,
        6,
        4
      ]
    }
  },
  {
    "model": "accounts.profile",
    "pk": 6,
    "fields": {
      "display_name": "Jerry Seinfeld",
      "about": "Lorem ipsum dolor sit amet, consectetur adipiscing elit, sed do eiusmod tempor incididunt ut labore et dolore magna aliqua. Urna id volutpat lacus laoreet non curabitur gravida arcu. Massa tincidunt dui ut ornare lectus sit amet. Sagittis aliquam malesuada bibendum arcu. Hac habitasse platea dictumst vestibulum rhoncus est pellentesque elit. Tempor nec feugiat nisl pretium fusce id velit. Erat velit scelerisque in dictum non consectetur a erat nam. Vel turpis nunc eget lorem dolor sed viverra ipsum. Donec massa sapien faucibus et molestie ac. Viverra accumsan in nisl nisi scelerisque eu ultrices. Cursus vitae congue mauris rhoncus aenean vel elit scelerisque mauris. Velit scelerisque in dictum non consectetur a erat nam at. Adipiscing at in tellus integer. Et odio pellentesque diam volutpat commodo sed egestas. At erat pellentesque adipiscing commodo elit at imperdiet. Cras tincidunt lobortis feugiat vivamus at augue eget arcu dictum.\r\n\r\nMorbi non arcu risus quis. Feugiat in fermentum posuere urna nec tincidunt praesent semper feugiat. Sed blandit libero volutpat sed cras ornare arcu dui vivamus. Feugiat vivamus at augue eget. Enim tortor at auctor urna nunc id. Quis imperdiet massa tincidunt nunc. Nunc congue nisi vitae suscipit tellus mauris a diam maecenas. Morbi tristique senectus et netus et malesuada fames ac turpis. Lacus luctus accumsan tortor posuere ac. Nulla facilisi morbi tempus iaculis urna id volutpat lacus laoreet.\r\n\r\nBlandit massa enim nec dui nunc. Cursus euismod quis viverra nibh cras pulvinar. Id faucibus nisl tincidunt eget nullam non nisi est. Bibendum enim facilisis gravida neque convallis a cras semper. Aliquet nec ullamcorper sit amet. Morbi leo urna molestie at elementum. Lectus arcu bibendum at varius vel pharetra. Vitae et leo duis ut diam. At ultrices mi tempus imperdiet nulla malesuada. Volutpat blandit aliquam etiam erat velit scelerisque in.",
      "avatar": "",
      "using_markdown": false,
      "email_confirmed": false,
      "skills": [
        6,
        5,
        1,
        4
      ]
    }
  },
  {
    "model": "accounts.profile",
    "pk": 7,
    "fields": {
      "display_name": "Cosmo Kramer",
      "about": "Lorem ipsum dolor sit amet, consectetur adipiscing elit, sed do eiusmod tempor incididunt ut labore et dolore magna aliqua. Urna id volutpat lacus laoreet non curabitur gravida arcu. Massa tincidunt dui ut ornare lectus sit amet. Sagittis aliquam malesuada bibendum arcu. Hac habitasse platea dictumst vestibulum rhoncus est pellentesque elit. Tempor nec feugiat nisl pretium fusce id velit. Erat velit scelerisque in dictum non consectetur a erat nam. Vel turpis nunc eget lorem dolor sed viverra ipsum. Donec massa sapien faucibus et molestie ac. Viverra accumsan in nisl nisi scelerisque eu ultrices. Cursus vitae congue mauris rhoncus aenean vel elit scelerisque mauris. Velit scelerisque in dictum non consectetur a erat nam at. Adipiscing at in tellus integer. Et odio pellentesque diam volutpat commodo sed egestas. At erat pellentesque adipiscing commodo elit at imperdiet. Cras tincidunt lobortis feugiat vivamus at augue eget arcu dictum.\r\n\r\nMorbi non arcu risus quis. Feugiat in fermentum posuere urna nec tincidunt praesent semper feugiat. Sed blandit libero volutpat sed cras ornare arcu dui vivamus. Feugiat vivamus at augue eget. Enim tortor at auctor urna nunc id. Quis imperdiet massa tincidunt nunc. Nunc congue nisi vitae suscipit tellus mauris a diam maecenas. Morbi tristique senectus et netus et malesuada fames ac turpis. Lacus luctus accumsan tortor posuere ac. Nulla facilisi morbi tempus iaculis urna id volutpat lacus laoreet.\r\n\r\nBlandit massa enim nec dui nunc. Cursus euismod quis viverra nibh cras pulvinar. Id faucibus nisl tincidunt eget nullam non nisi est. Bibendum enim facilisis gravida neque convallis a cras semper. Aliquet nec ullamcorper sit amet. Morbi leo urna molestie at elementum. Lectus arcu bibendum at varius vel pharetra. Vitae et leo duis ut diam. At ultrices mi tempus imperdiet nulla malesuada. Volutpat blandit aliquam etiam erat velit scelerisque in.",
      "avatar": "",
      "using_markdown": false,
      "email_confirmed": false,
      "skills": [
        3,
        5,
        8
      ]
    }
  },
  {
    "model": "accounts.profile",
    "pk": 8,
    "fields": {
      "display_name": "Elaine Benes",
      "about": "Lorem ipsum dolor sit amet, consectetur adipiscing elit, sed do eiusmod tempor incididunt ut labore et dolore magna aliqua. Urna id volutpat lacus laoreet non curabitur gravida arcu. Massa tincidunt dui ut ornare lectus sit amet. Sagittis aliquam malesuada bibendum arcu. Hac habitasse platea dictumst vestibulum rhoncus est pellentesque elit. Tempor nec feugiat nisl pretium fusce id velit. Erat velit scelerisque in dictum non consectetur a erat nam. Vel turpis nunc eget lorem dolor sed viverra ipsum. Donec massa sapien faucibus et molestie ac. Viverra accumsan in nisl nisi scelerisque eu ultrices. Cursus vitae congue mauris rhoncus aenean vel elit scelerisque mauris. Velit scelerisque in dictum non consectetur a erat nam at. Adipiscing at in tellus integer. Et odio pellentesque diam volutpat commodo sed egestas. At erat pellentesque adipiscing commodo elit at imperdiet. Cras tincidunt lobortis feugiat vivamus at augue eget arcu dictum.\r\n\r\nMorbi non arcu risus quis. Feugiat in fermentum posuere urna nec tincidunt praesent semper feugiat. Sed blandit libero volutpat sed cras ornare arcu dui vivamus. Feugiat vivamus at augue eget. Enim tortor at auctor urna nunc id. Quis imperdiet massa tincidunt nunc. Nunc congue nisi vitae suscipit tellus mauris a diam maecenas. Morbi tristique senectus et netus et malesuada fames ac turpis. Lacus luctus accumsan tortor posuere ac. Nulla facilisi morbi tempus iaculis urna id volutpat lacus laoreet.\r\n\r\nBlandit massa enim nec dui nunc. Cursus euismod quis viverra nibh cras pulvinar. Id faucibus nisl tincidunt eget nullam non nisi est. Bibendum enim facilisis gravida neque convallis a cras semper. Aliquet nec ullamcorper sit amet. Morbi leo urna molestie at elementum. Lectus arcu bibendum at varius vel pharetra. Vitae et leo duis ut diam. At ultrices mi tempus imperdiet nulla malesuada. Volutpat blandit aliquam etiam erat velit scelerisque in.",
      "avatar": "",
      "using_markdown": false,
      "email_confirmed": false,
      "skills": [
        3,
        7,
        5,
        8,
        4
      ]
    }
  },
  {
    "model": "projects.project",
    "pk": 1,
    "fields": {
      "owner": 7,
      "title": "Minimum Tip Calculator",
      "url": null,
      "description": "Lorem ipsum dolor sit amet, consectetur adipiscing elit, sed do eiusmod tempor incididunt ut labore et dolore magna aliqua. Faucibus ornare suspendisse sed nisi. Viverra accumsan in nisl nisi scelerisque eu ultrices vitae. Quis varius quam quisque id diam vel quam elementum pulvinar. Non sodales neque sodales ut etiam sit amet. Enim facilisis gravida neque convallis a cras semper auctor. Augue mauris augue neque gravida in fermentum et sollicitudin ac. Diam in arcu cursus euismod quis viverra nibh. Sed adipiscing diam donec adipiscing tristique risus. Sed vulputate odio ut enim blandit volutpat maecenas volutpat blandit. Nec ultrices dui sapien eget mi proin sed libero. Nulla pharetra diam sit amet nisl. In massa tempor nec feugiat nisl pretium fusce id velit. Turpis massa sed elementum tempus egestas sed sed risus. Ipsum dolor sit amet consectetur. Varius duis at consectetur lorem donec massa sapien. Mattis vulputate enim nulla aliquet porttitor lacus luctus accumsan tortor.",
      "timeline": "",
      "applicant_requirements": "",
      "is_active": false,
      "date_created": "2020-06-23"
    }
  },
  {
    "model": "projects.project",
    "pk": 2,
    "fields": {
      "owner": 2,
      "title": "Jail Time Estimator",
      "url": null,
      "description": "# Markdown Test\r\n\r\nLorem ipsum dolor sit amet, consectetur adipiscing elit, sed do eiusmod tempor incididunt ut labore et dolore magna aliqua. Faucibus ornare suspendisse sed nisi. Viverra accumsan in nisl nisi scelerisque eu ultrices vitae. Quis varius quam quisque id diam vel quam elementum pulvinar. Non sodales neque sodales ut etiam sit amet. Enim facilisis gravida neque convallis a cras semper auctor. Augue mauris augue neque gravida in fermentum et sollicitudin ac. Diam in arcu cursus euismod quis viverra nibh. Sed adipiscing diam donec adipiscing tristique risus. Sed vulputate odio ut enim blandit volutpat maecenas volutpat blandit. Nec ultrices dui sapien eget mi proin sed libero. Nulla pharetra diam sit amet nisl. In massa tempor nec feugiat nisl pretium fusce id velit. Turpis massa sed elementum tempus egestas sed sed risus. Ipsum dolor sit amet consectetur. Varius duis at consectetur lorem donec massa sapien. Mattis vulputate enim nulla aliquet porttitor lacus luctus accumsan tortor.",
      "timeline": "3 months",
      "applicant_requirements": "Lorem ipsum dolor sit amet, consectetur adipiscing elit, sed do eiusmod tempor incididunt ut labore et dolore magna aliqua. Et malesuada fames ac turpis egestas sed tempus urna. Sed blandit libero volutpat sed cras ornare. Senectus et netus et malesuada fames ac turpis egestas. Cras fermentum odio eu feugiat pretium nibh. Amet facilisis magna etiam tempor. Viverra orci sagittis eu volutpat odio facilisis mauris sit. Arcu cursus euismod quis viverra nibh cras pulvinar mattis nunc. Viverra vitae congue eu consequat ac felis. Cursus turpis massa tincidunt dui ut ornare lectus.",
      "is_active": true,
      "date_created": "2020-06-23"
    }
  },
  {
    "model": "projects.project",
    "pk": 3,
    "fields": {
      "owner": 1,
      "title": "Insult Assistant",
      "url": null,
      "description": "Lorem ipsum dolor sit amet, consectetur adipiscing elit, sed do eiusmod tempor incididunt ut labore et dolore magna aliqua. Faucibus ornare suspendisse sed nisi. Viverra accumsan in nisl nisi scelerisque eu ultrices vitae. Quis varius quam quisque id diam vel quam elementum pulvinar. Non sodales neque sodales ut etiam sit amet. Enim facilisis gravida neque convallis a cras semper auctor. Augue mauris augue neque gravida in fermentum et sollicitudin ac. Diam in arcu cursus euismod quis viverra nibh. Sed adipiscing diam donec adipiscing tristique risus. Sed vulputate odio ut enim blandit volutpat maecenas volutpat blandit. Nec ultrices dui sapien eget mi proin sed libero. Nulla pharetra diam sit amet nisl. In massa tempor nec feugiat nisl pretium fusce id velit. Turpis massa sed elementum tempus egestas sed sed risus. Ipsum dolor sit amet consectetur. Varius duis at consectetur lorem donec massa sapien. Mattis vulputate enim nulla aliquet porttitor lacus luctus accumsan tortor.",
      "timeline": "",
      "applicant_requirements": "",
      "is_active": false,
      "date_created": "2020-06-23"
    }
  },
  {
    "model": "projects.project",
    "pk": 4,
    "fields": {
      "owner": 3,
      "title": "Morning After Drunk Email Reminder",
      "url": null,
      "description": "Lorem ipsum dolor sit amet, consectetur adipiscing elit, sed do eiusmod tempor incididunt ut labore et dolore magna aliqua. Faucibus ornare suspendisse sed nisi. Viverra accumsan in nisl nisi scelerisque eu ultrices vitae. Quis varius quam quisque id diam vel quam elementum pulvinar. Non sodales neque sodales ut etiam sit amet. Enim facilisis gravida neque convallis a cras semper auctor. Augue mauris augue neque gravida in fermentum et sollicitudin ac. Diam in arcu cursus euismod quis viverra nibh. Sed adipiscing diam donec adipiscing tristique risus. Sed vulputate odio ut enim blandit volutpat maecenas volutpat blandit. Nec ultrices dui sapien eget mi proin sed libero. Nulla pharetra diam sit amet nisl. In massa tempor nec feugiat nisl pretium fusce id velit. Turpis massa sed elementum tempus egestas sed sed risus. Ipsum dolor sit amet consectetur. Varius duis at consectetur lorem donec massa sapien. Mattis vulputate enim nulla aliquet porttitor lacus luctus accumsan tortor.",
      "timeline": "",
      "applicant_requirements": "",
      "is_active": true,
      "date_created": "2020-06-23"
    }
  },
  {
    "model": "projects.project",
    "pk": 5,
    "fields": {
      "owner": 7,
      "title": "Where Is It Legal",
      "url": null,
      "description": "Lorem ipsum dolor sit amet, consectetur adipiscing elit, sed do eiusmod tempor incididunt ut labore et dolore magna aliqua. Faucibus ornare suspendisse sed nisi. Viverra accumsan in nisl nisi scelerisque eu ultrices vitae. Quis varius quam quisque id diam vel quam elementum pulvinar. Non sodales neque sodales ut etiam sit amet. Enim facilisis gravida neque convallis a cras semper auctor. Augue mauris augue neque gravida in fermentum et sollicitudin ac. Diam in arcu cursus euismod quis viverra nibh. Sed adipiscing diam donec adipiscing tristique risus. Sed vulputate odio ut enim blandit volutpat maecenas volutpat blandit. Nec ultrices dui sapien eget mi proin sed libero. Nulla pharetra diam sit amet nisl. In massa tempor nec feugiat nisl pretium fusce id velit. Turpis massa sed elementum tempus egestas sed sed risus. Ipsum dolor sit amet consectetur. Varius duis at consectetur lorem donec massa sapien. Mattis vulputate enim nulla aliquet porttitor lacus luctus accumsan tortor.",
      "timeline": "",
      "applicant_requirements": "",
      "is_active": false,
      "date_created": "2020-06-23"
    }
  },
  {
    "model": "projects.project",
    "pk": 6,
    "fields": {
      "owner": 2,
      "title": "Goat Gene Optimizer",
      "url": null,
      "description": "Produces genetically enhanced goats with a special machine that modifies the goat's genetic material prior to implantation. We need an interface for the machine that will display different characteristics the breeder might want to enhance.\r\n\r\nThe interface needs to be impressive, because the machine doesn't actually work, obviously.",
      "timeline": "7 months",
      "applicant_requirements": "Applicants must be able to keep a straight face while producing absolute nonsense.",
      "is_active": true,
      "date_created": "2020-06-23"
    }
  },
  {
    "model": "projects.position",
    "pk": 1,
    "fields": {
      "title": "JavaScript Developer",
      "description": "",
      "time_commitment": "",
      "filled": false,
      "project": 1,
      "filled_by": null,
      "skills": [
        3,
        8
      ]
    }
  },
  {
    "model": "projects.position",
    "pk": 2,
    "fields": {
      "title": "JavaScript Developer",
      "description": "",
      "time_commitment": "",
      "filled": false,
      "project": 1,
      "filled_by": null,
      "skills": [
        3,
        6,
        5,
        8
      ]
    }
  },
  {
    "model": "projects.position",
    "pk": 3,
    "fields": {
      "title": "Graphic Designer",
      "description": "",
      "time_commitment": "",
      "filled": false,
      "project": 1,
      "filled_by": null,
      "skills": [
        3,
        7,
        4
      ]
    }
  },
  {
    "model": "projects.position",
    "pk": 4,
    "fields": {
      "title": "Goat Gene Optimizer",
      "description": "",
      "time_commitment": "",
      "filled": true,
      "project": 1,
      "filled_by": 8,
      "skills": [
        6,
        5,
        8
      ]
    }
  },
  {
    "model": "projects.position",
    "pk": 5,
    "fields": {
      "title": "AI Programmer",
      "description": "",
      "time_commitment": "",
      "filled": false,
      "project": 1,
      "filled_by": null,
      "skills": [
        7,
        6,
        5,
        1,
        4
      ]
    }
  },
  {
    "model": "projects.position",
    "pk": 6,
    "fields": {
      "title": "AI Programmer",
      "description": "",
      "time_commitment": "",
      "filled": true,
      "project": 1,
      "filled_by": 2,
      "skills": [
        3,
        7,
        4
      ]
    }
  },
  {
    "model": "projects.position",
    "pk": 7,
    "fields": {
      "title": "Graphic Designer",
      "description": "",
      "time_commitment": "",
      "filled": false,
      "project": 1,
      "filled_by": null,
      "skills": [
        3,
        5
      ]
    }
  },
  {
    "model": "projects.position",
    "pk": 8,
    "fields": {
      "title": "AI Programmer",
      "description": "",
      "time_commitment": "",
      "filled": false,
      "project": 2,
      "filled_by": null,
      "skills": []
    }
  },
  {
    "model": "projects.position",
    "pk": 9,
    "fields": {
      "title": "Graphic Designer",
      "description": "",
      "time_commitment": "",
      "filled": false,
      "project": 2,
      "filled_by": null,
      "skills": [
        3,
        6,
        1
      ]
    }
  },
  {
    "model": "projects.position",
    "pk": 10,
    "fields": {
      "title": "JavaScript Developer",
      "description": "",
      "time_commitment": "",
      "filled": true,
      "project": 2,
      "filled_by": 6,
      "skills": [
        7,
        6,
        1,
        8,
        4
      ]
    }
  },
  {
    "model": "projects.position",
    "pk": 11,
    "fields": {
      "title": "Graphic Designer",
      "description": "",
      "time_commitment": "",
      "filled": true,
      "project": 2,
      "filled_by": 7,
      "skills": [
        3,
        5,
        8,
        4
      ]
    }
  },
  {
    "model": "projects.position",
    "pk": 12,
    "fields": {
      "title": "JavaScript Developer",
      "description": "",
      "time_commitment": "",
      "filled": false,
      "project": 2,
      "filled_by": null,
      "skills": [
        3,
        7,
        6,
        5,
        8,
        4
      ]
    }
  },
  {
    "model": "projects.position",
    "pk": 13,
    "fields": {
      "title": "Obfuscation Specialist",
      "description": "",
      "time_commitment": "",
      "filled": false,
      "project": 2,
      "filled_by": null,
      "skills": [
        4
      ]
    }
  },
  {
    "model": "projects.position",
    "pk": 14,
    "fields": {
      "title": "Graphic Designer",
      "description": "",
      "time_commitment": "",
      "filled": false,
      "project": 2,
      "filled_by": null,
      "skills": [
        3,
        7,
        6,
        1,
        4
      ]
    }
  },
  {
    "model": "projects.position",
    "pk": 15,
    "fields": {
      "title": "Opinion Coordinator",
      "description": "",
      "time_commitment": "",
      "filled": false,
      "project": 2,
      "filled_by": null,
      "skills": [
        3,
        6,
        5,
        8,
        4
      ]
    }
  },
  {
    "model": "projects.position",
    "pk": 16,
    "fields": {
      "title": "Goat Gene Optimizer",
      "description": "",
      "time_commitment": "",
      "filled": true,
      "project": 2,
      "filled_by": 5,
      "skills": [
        1
      ]
    }
  },
  {
    "model": "projects.position",
    "pk": 17,
    "fields": {
      "title": "Python Developer",
      "description": "",
      "time_commitment": "",
      "filled": true,
      "project": 3,
      "filled_by": 7,
      "skills": [
        8
      ]
    }
  },
  {
    "model": "projects.position",
    "pk": 18,
    "fields": {
      "title": "Ethics Advisor",
      "description": "",
      "time_commitment": "",
      "filled": false,
      "project": 3,
      "filled_by": null,
      "skills": [
        3,
        6,
        1,
        4
      ]
    }
  },
  {
    "model": "projects.position",
    "pk": 19,
    "fields": {
      "title": "JavaScript Developer",
      "description": "",
      "time_commitment": "",
      "filled": false,
      "project": 3,
      "filled_by": null,
      "skills": [
        7
      ]
    }
  },
  {
    "model": "projects.position",
    "pk": 20,
    "fields": {
      "title": "Graphic Designer",
      "description": "",
      "time_commitment": "",
      "filled": false,
      "project": 3,
      "filled_by": null,
      "skills": [
        3,
        6
      ]
    }
  },
  {
    "model": "projects.position",
    "pk": 21,
    "fields": {
      "title": "Python Developer",
      "description": "",
      "time_commitment": "",
      "filled": false,
      "project": 4,
      "filled_by": null,
      "skills": [
        3,
        7,
        6
      ]
    }
  },
  {
    "model": "projects.position",
    "pk": 22,
    "fields": {
      "title": "Python Developer",
      "description": "",
      "time_commitment": "",
      "filled": false,
      "project": 4,
      "filled_by": null,
      "skills": [
        3,
        7,
        6,
        1
      ]
    }
  },
  {
    "model": "projects.position",
    "pk": 23,
    "fields": {
      "title": "Legal Advisor",
      "description": "",
      "time_commitment": "",
      "filled": false,
      "project": 4,
      "filled_by": null,
      "skills": [
        3,
        7,
        5,
        1,
        8
      ]
    }
  },
  {
    "model": "projects.position",
    "pk": 24,
    "fields": {
      "title": "JavaScript Developer",
      "description": "",
      "time_commitment": "",
      "filled": true,
      "project": 4,
      "filled_by": 2,
      "skills": [
        3
      ]
    }
  },
  {
    "model": "projects.position",
    "pk": 25,
    "fields": {
      "title": "Obfuscation Specialist",
      "description": "",
      "time_commitment": "",
      "filled": true,
      "project": 4,
      "filled_by": 1,
      "skills": [
        3,
        6,
        1,
        4
      ]
    }
  },
  {
    "model": "projects.position",
    "pk": 26,
    "fields": {
      "title": "JavaScript Developer",
      "description": "",
      "time_commitment": "",
      "filled": false,
      "project": 4,
      "filled_by": null,
      "skills": [
        7,
        5,
        4
      ]
    }
  },
  {
    "model": "projects.position",
    "pk": 27,
    "fields": {
      "title": "Python Developer",
      "description": "",
      "time_commitment": "",
      "filled": false,
      "project": 5,
      "filled_by": null,
      "skills": [
        3,
        6,
        5,
        1
      ]
    }
  },
  {
    "model": "projects.position",
    "pk": 28,
    "fields": {
      "title": "AI Programmer",
      "description": "",
      "time_commitment": "",
      "filled": true,
      "project": 5,
      "filled_by": 4,
      "skills": [
        3,
        7,
        5,
        1,
        8,
        4
      ]
    }
  },
  {
    "model": "projects.position",
    "pk": 29,
    "fields": {
      "title": "AI Programmer",
      "description": "",
      "time_commitment": "",
      "filled": true,
      "project": 5,
      "filled_by": 1,
      "skills": [
        8
      ]
    }
  },
  {
    "model": "projects.position",
    "pk": 30,
    "fields": {
      "title": "Legal Advisor",
      "description": "",
      "time_commitment": "",
      "filled": false,
      "project": 5,
      "filled_by": null,
      "skills": [
        8
      ]
    }
  },
  {
    "model": "projects.position",
    "pk": 31,
    "fields": {
      "title": "Batman Expert",
      "description": "",
      "time_commitment": "",
      "filled": false,
      "project": 6,
      "filled_by": null,
      "skills": [
        3,
        7,
        8,
        4
      ]
    }
  },
  {
    "model": "projects.position",
    "pk": 32,
    "fields": {
      "title": "AI Programmer",
      "description": "",
      "time_commitment": "",
      "filled": false,
      "project": 6,
      "filled_by": null,
      "skills": [
        5,
        1,
        8
      ]
    }
  },
  {
    "model": "projects.position",
    "pk": 33,
    "fields": {
      "title": "JavaScript Developer",
      "description": "",
      "time_commitment": "",
      "filled": true,
      "project": 6,
      "filled_by": 6,
      "skills": [
        8,
        4
      ]
    }
  },
  {
    "model": "projects.application",
    "pk": 1,
    "fields": {
      "applicant": 4,
      "position": 2,
      "accepted": null
    }
  },
  {
    "model": "projects.application",
    "pk": 2,
    "fields": {
      "applicant": 6,
      "position": 6,
      "accepted": null
    }
  },
  {
    "model": "projects.application",
    "pk": 3,
    "fields": {
      "applicant": 3,
      "position": 8,
      "accepted": null
    }
  },
  {
    "model": "projects.application",
    "pk": 4,
    "fields": {
      "applicant": 8,
      "position": 13,
      "accepted": null
    }
  },
  {
    "model": "projects.application",
    "pk": 5,
    "fields": {
      "applicant": 7,
      "position": 8,
      "accepted": null
    }
  },
  {
    "model": "projects.application",
    "pk": 6,
    "fields": {
      "applicant": 6,
      "position": 13,
      "accepted": null
    }
  },
  {
    "model": "projects.application",
    "pk": 7,
    "fields": {
      "applicant": 6,
      "position": 12,
      "accepted": null
    }
  },
  {
    "model": "projects.application",
    "pk": 8,
    "fields": {
      "applicant": 4,
      "position": 9,
      "accepted": null
    }
  },
  {
    "model": "projects.application",
    "pk": 9,
    "fields": {
      "applicant": 7,
      "position": 14,
      "accepted": null
    }
  },
  {
    "model": "projects.application",
    "pk": 10,
    "fields": {
      "applicant": 1,
      "position": 17,
      "accepted": null
    }
  },
  {
    "model": "projects.application",
    "pk": 11,
    "fields": {
      "applicant": 3,
      "position": 18,
      "accepted": null
    }
  },
  {
    "model": "projects.application",
    "pk": 12,
    "fields": {
      "applicant": 2,
      "position": 23,
      "accepted": null
    }
  },
  {
    "model": "projects.application",
    "pk": 13,
    "fields": {
      "applicant": 1,
      "position": 26,
      "accepted": null
    }
  },
  {
    "model": "projects.application",
    "pk": 14,
    "fields": {
      "applicant": 6,
      "position": 21,
      "accepted": null
    }
  },
  {
    "model": "projects.application",
    "pk": 15,
    "fields": {
      "applicant": 5,
      "position": 25,
      "accepted": null
    }
  },
  {
    "model": "projects.application",
    "pk": 16,
    "fields": {
      "applicant": 8,
      "position": 23,
      "accepted": null
    }
  },
  {
    "model": "projects.application",
    "pk": 17,
    "fields": {
      "applicant": 5,
      "position": 21,
      "accepted": null
    }
  },
  {
    "model": "projects.application",
    "pk": 18,
    "fields": {
      "applicant": 4,
      "position": 27,
      "accepted": null
    }
  },
  {
    "model": "projects.application",
    "pk": 19,
    "fields": {
      "applicant": 1,
      "position": 32,
      "accepted": null
    }
  },
  {
    "model": "projects.application",
    "pk": 20,
    "fields": {
      "applicant": 1,
      "position": 8,
      "accepted": null
    }
  },
  {
    "model": "admin.logentry",
    "pk": 1,
    "fields": {
      "action_time": "2020-06-24T02:16:42.268Z",
      "user": 1,
      "content_type": 8,
      "object_id": "2",
      "object_repr": "Zorbert Kraft",
      "action_flag": 2,
      "change_message": "[{\"changed\": {\"fields\": [\"About\"]}}]"
    }
  },
  {
    "model": "admin.logentry",
    "pk": 2,
    "fields": {
      "action_time": "2020-06-24T02:28:34.475Z",
      "user": 1,
      "content_type": 8,
      "object_id": "3",
      "object_repr": "Laya Khan",
      "action_flag": 2,
      "change_message": "[{\"changed\": {\"fields\": [\"About\", \"Using markdown\"]}}]"
    }
  },
  {
    "model": "admin.logentry",
    "pk": 3,
    "fields": {
      "action_time": "2020-06-24T02:33:08.934Z",
      "user": 1,
      "content_type": 8,
      "object_id": "8",
      "object_repr": "Elaine Benes",
      "action_flag": 2,
      "change_message": "[{\"changed\": {\"fields\": [\"About\"]}}]"
    }
  },
  {
    "model": "admin.logentry",
    "pk": 4,
    "fields": {
      "action_time": "2020-06-24T02:33:08.987Z",
      "user": 1,
      "content_type": 8,
      "object_id": "7",
      "object_repr": "Cosmo Kramer",
      "action_flag": 2,
      "change_message": "[{\"changed\": {\"fields\": [\"About\"]}}]"
    }
  },
  {
    "model": "admin.logentry",
    "pk": 5,
    "fields": {
      "action_time": "2020-06-24T02:33:09.044Z",
      "user": 1,
      "content_type": 8,
      "object_id": "6",
      "object_repr": "Jerry Seinfeld",
      "action_flag": 2,
      "change_message": "[{\"changed\": {\"fields\": [\"About\"]}}]"
    }
  },
  {
    "model": "admin.logentry",
    "pk": 6,
    "fields": {
      "action_time": "2020-06-24T02:33:09.098Z",
      "user": 1,
      "content_type": 8,
      "object_id": "5",
      "object_repr": "George Costanza",
      "action_flag": 2,
      "change_message": "[{\"changed\": {\"fields\": [\"About\"]}}]"
    }
  },
  {
    "model": "admin.logentry",
    "pk": 7,
    "fields": {
      "action_time": "2020-06-24T02:33:09.152Z",
      "user": 1,
      "content_type": 8,
      "object_id": "4",
      "object_repr": "Kyle Murphy",
      "action_flag": 2,
      "change_message": "[{\"changed\": {\"fields\": [\"About\"]}}]"
    }
  },
  {
    "model": "admin.logentry",
    "pk": 8,
    "fields": {
      "action_time": "2020-06-24T02:33:38.971Z",
      "user": 1,
      "content_type": 8,
      "object_id": "1",
      "object_repr": "Admin Istrator",
      "action_flag": 2,
      "change_message": "[{\"changed\": {\"fields\": [\"About\"]}}]"
    }
  },
  {
    "model": "admin.logentry",
    "pk": 9,
    "fields": {
      "action_time": "2020-06-24T02:36:23.449Z",
      "user": 1,
      "content_type": 10,
      "object_id": "6",
      "object_repr": "Goat Gene Optimizer",
      "action_flag": 2,
      "change_message": "[{\"changed\": {\"fields\": [\"Description\"]}}]"
    }
  },
  {
    "model": "admin.logentry",
    "pk": 10,
    "fields": {
      "action_time": "2020-06-24T02:36:23.509Z",
      "user": 1,
      "content_type": 10,
      "object_id": "5",
      "object_repr": "Where Is It Legal",
      "action_flag": 2,
      "change_message": "[{\"changed\": {\"fields\": [\"Description\"]}}]"
    }
  },
  {
    "model": "admin.logentry",
    "pk": 11,
    "fields": {
      "action_time": "2020-06-24T02:36:23.567Z",
      "user": 1,
      "content_type": 10,
      "object_id": "4",
      "object_repr": "Morning After Drunk Email Reminder",
      "action_flag": 2,
      "change_message": "[{\"changed\": {\"fields\": [\"Description\"]}}]"
    }
  },
  {
    "model": "admin.logentry",
    "pk": 12,
    "fields": {
      "action_time": "2020-06-24T02:36:23.624Z",
      "user": 1,
      "content_type": 10,
      "object_id": "3",
      "object_repr": "Insult Assistant",
      "action_flag": 2,
      "change_message": "[{\"changed\": {\"fields\": [\"Description\"]}}]"
    }
  },
  {
    "model": "admin.logentry",
    "pk": 13,
    "fields": {
      "action_time": "2020-06-24T02:36:23.677Z",
      "user": 1,
      "content_type": 10,
      "object_id": "2",
      "object_repr": "Jail Time Estimator",
      "action_flag": 2,
      "change_message": "[{\"changed\": {\"fields\": [\"Description\"]}}]"
    }
  },
  {
    "model": "admin.logentry",
    "pk": 14,
    "fields": {
      "action_time": "2020-06-24T02:36:23.733Z",
      "user": 1,
      "content_type": 10,
      "object_id": "1",
      "object_repr": "Minimum Tip Calculator",
      "action_flag": 2,
      "change_message": "[{\"changed\": {\"fields\": [\"Description\"]}}]"
    }
  },
  {
    "model": "admin.logentry",
    "pk": 15,
    "fields": {
      "action_time": "2020-06-24T03:00:40.876Z",
      "user": 1,
      "content_type": 7,
      "object_id": "2",
      "object_repr": "WTF",
      "action_flag": 3,
      "change_message": ""
    }
  },
  {
    "model": "admin.logentry",
    "pk": 16,
    "fields": {
      "action_time": "2020-06-24T05:39:28.232Z",
      "user": 1,
      "content_type": 8,
      "object_id": "2",
      "object_repr": "Zorbert Kraft",
      "action_flag": 2,
      "change_message": "[{\"changed\": {\"fields\": [\"About\", \"Using markdown\"]}}]"
    }
  },
  {
    "model": "admin.logentry",
    "pk": 17,
    "fields": {
      "action_time": "2020-06-24T05:45:49.997Z",
      "user": 2,
      "content_type": 10,
      "object_id": "6",
      "object_repr": "Goat Gene Optimizer",
      "action_flag": 2,
      "change_message": "[{\"changed\": {\"fields\": [\"Owner\", \"Timeline\", \"Applicant requirements\", \"Is active\"]}}]"
    }
  },
  {
    "model": "admin.logentry",
    "pk": 18,
    "fields": {
      "action_time": "2020-06-24T05:51:22.106Z",
      "user": 2,
      "content_type": 10,
      "object_id": "2",
      "object_repr": "Jail Time Estimator",
      "action_flag": 2,
      "change_message": "[{\"changed\": {\"fields\": [\"Owner\", \"Timeline\", \"Applicant requirements\"]}}]"
    }
  },
  {
    "model": "admin.logentry",
    "pk": 19,
    "fields": {
      "action_time": "2020-06-24T07:04:49.934Z",
      "user": 2,
      "content_type": 8,
      "object_id": "2",
      "object_repr": "Zorbert Kraft",
      "action_flag": 2,
      "change_message": "[{\"changed\": {\"fields\": [\"Avatar\"]}}]"
    }
  }
]